time_ms,cpu_usage,active_workers
10,10,1
20,10,1
30,20,2
40,30,3
51,30,3
61,40,4
71,40,4
81,50,5
91,50,5
101,85,6
111,85,6
121,95,7
132,95,7
142,95,7
152,95,7
162,95,7
172,95,7
182,95,7
193,95,7
203,95,7
213,95,7
223,95,7
233,95,7
243,95,7
253,95,7
263,95,7
274,95,7
284,95,7
294,95,7
304,95,7
314,95,7
324,95,7
334,95,7
345,95,7
355,95,7
365,95,7
375,95,7
385,95,7
395,95,7
405,95,7
415,95,7
426,95,7
436,95,7
446,95,7
456,95,7
466,95,7
476,95,7
486,95,7
497,95,7
507,95,7
517,95,7
527,95,7
538,95,7
548,95,7
558,95,7
568,95,7
578,95,7
588,95,7
598,95,7
608,95,7
619,95,7
629,95,7
639,95,7
650,95,7
660,95,7
671,95,7
681,95,7
691,95,7
702,95,7
712,95,7
722,95,7
732,95,7
742,95,7
752,95,7
762,95,7
772,95,7
783,95,7
793,95,7
803,95,7
813,95,7
823,95,7
833,95,7
843,95,7
853,95,7
864,95,7
874,95,7
884,95,7
894,95,7
904,95,7
914,95,7
925,95,7
935,95,7
945,95,7
955,95,7
965,95,7
975,95,7
985,95,7
996,95,7
1006,95,7
1016,95,7
1026,95,7
1036,95,7
1046,95,7
1056,95,7
1068,95,7
1078,95,7
1089,95,7
1099,95,7
1110,95,7
1120,95,7
1130,95,7
1140,95,7
1151,95,7
1162,95,7
1172,95,7
1182,95,7
1192,95,7
1202,95,7
1212,95,7
1222,95,7
1233,95,7
1243,95,7
1253,95,7
1263,95,7
1273,95,7
1283,95,7
1293,95,7
1303,95,7
1314,95,7
1324,95,7
1334,95,7
1344,95,7
1354,95,7
1365,95,7
1376,95,7
1386,95,7
1396,95,7
1407,95,7
1417,95,7
1427,95,7
1437,95,7
1447,95,7
1457,95,7
1467,95,7
1478,95,7
1488,95,7
1498,95,7
1508,95,7
1518,95,7
1528,95,7
1538,95,7
1549,95,7
1559,95,7
1569,95,7
1585,95,7
1596,95,7
1606,95,7
1616,95,7
1626,95,7
1636,95,7
1646,95,7
1657,95,7
1667,95,7
1677,95,7
1687,95,7
1697,95,7
1707,95,7
1718,95,7
1728,95,7
1738,95,7
1748,95,7
1758,95,7
1768,95,7
1778,95,7
1789,95,7
1799,95,7
1809,95,7
1819,95,7
1829,95,7
1839,95,7
1849,95,7
1860,95,7
1870,95,7
1880,95,7
1890,95,7
1900,95,7
1910,95,7
1920,95,7
1930,95,7
1941,95,7
1951,95,7
1961,95,7
1971,95,7
1981,95,7
1991,95,7
2001,95,7
2012,95,7
2022,95,7
2032,95,7
2042,95,7
2052,95,7
2062,95,7
2072,95,7
2082,95,7
2093,95,7
2103,95,7
2113,95,7
2123,95,7
2133,95,7
2143,95,7
2153,95,7
2164,95,7
2174,95,7
2184,95,7
2194,95,7
2204,95,7
2214,95,7
2224,95,7
2234,95,7
2245,95,7
2255,95,7
2265,95,7
2276,95,7
2287,95,7
2297,95,7
2307,95,7
2317,95,7
2327,95,7
2337,95,7
2347,95,7
2358,95,7
2368,95,7
2378,95,7
2388,95,7
2398,95,7
2408,95,7
2418,95,7
2429,95,7
2439,95,7
2449,95,7
2459,95,7
2469,95,7
2479,95,7
2489,95,7
2500,95,7
2510,95,7
2520,95,7
2530,95,7
2540,95,7
2550,95,7
2560,95,7
2571,95,7
2581,95,7
2591,95,7
2601,95,7
2611,95,7
2621,95,7
2631,95,7
2642,95,7
2652,95,7
2662,95,7
2672,95,7
2682,95,7
2692,95,7
2702,95,7
2713,95,7
2723,95,7
2733,95,7
2743,95,7
2753,95,7
2763,95,7
2773,95,7
2784,95,7
2794,95,7
2804,95,7
2814,95,7
2824,95,7
2834,95,7
2844,95,7
2854,95,7
2865,95,7
2875,95,7
2885,95,7
2895,95,7
2905,95,7
2915,95,7
2925,95,7
2936,95,7
2946,95,7
2956,95,7
2966,95,7
2976,95,7
2986,95,7
2996,95,7
3006,95,7
3017,95,7
3027,95,7
3037,95,7
3047,95,7
3057,95,7
3067,95,7
3077,95,7
3088,95,7
3098,95,7
3108,95,7
3118,95,7
3128,95,7
3138,95,7
3149,95,7
3159,95,7
3169,95,7
3179,95,7
3189,95,7
3199,95,7
3209,95,7
3219,95,7
3230,95,7
3240,95,7
3250,95,7
3260,95,7
3270,95,7
3280,95,7
3290,95,7
3300,95,7
3311,95,7
3321,95,7
3331,95,7
3341,95,7
3351,95,7
3361,95,7
3371,95,7
3381,95,7
3392,95,7
3402,95,7
3412,95,7
3422,95,7
3432,95,7
3442,95,7
3452,95,7
3462,95,7
3473,95,7
3483,95,7
3493,95,7
3503,95,7
3513,95,7
3523,95,7
3533,95,7
3544,95,7
3554,95,7
3564,95,7
3574,95,7
3584,95,7
3594,95,7
3604,95,7
3614,95,7
3625,95,7
3636,95,7
3650,95,7
3661,95,7
3675,95,7
3685,95,7
3696,95,7
3706,95,7
3716,95,7
3726,95,7
3736,95,7
3746,95,7
3756,95,7
3767,95,7
3777,95,7
3787,95,7
3797,95,7
3807,95,7
3817,95,7
3827,95,7
3837,95,7
3847,95,7
3858,95,7
3868,95,7
3878,95,7
3888,95,7
3898,95,7
3908,95,7
3918,95,7
3928,95,7
3939,95,7
3949,95,7
3959,95,7
3969,95,7
3979,95,7
3989,95,7
3999,95,7
4010,95,7
4020,95,7
4030,95,7
4041,95,7
4051,95,7
4061,95,7
4071,95,7
4081,95,7
4091,95,7
4101,95,7
4112,95,7
4122,95,7
4132,95,7
4142,95,7
4152,95,7
4163,95,7
4174,95,7
4184,95,7
4194,95,7
4204,95,7
4214,95,7
4224,95,7
4234,95,7
4244,95,7
4254,95,7
4265,95,7
4275,95,7
4285,95,7
4295,95,7
4305,95,7
4315,95,7
4325,95,7
4335,95,7
4346,95,7
4356,95,7
4366,95,7
4376,95,7
4386,95,7
4396,95,7
4406,95,7
4417,95,7
4427,95,7
4437,95,7
4447,95,7
4457,95,7
4467,95,7
4477,95,7
4487,95,7
4498,95,7
4508,95,7
4518,95,7
4528,95,7
4538,95,7
4548,95,7
4558,95,7
4568,95,7
4579,95,7
4589,95,7
4599,95,7
4609,95,7
4619,95,7
4629,95,7
4639,95,7
4650,95,7
4660,95,7
4670,95,7
4680,95,7
4690,95,7
4700,95,7
4711,95,7
4721,95,7
4731,95,7
4741,95,7
4751,95,7
4761,95,7
4771,95,7
4781,95,7
4792,95,7
4802,95,7
4812,95,7
4822,95,7
4832,95,7
4842,95,7
4852,95,7
4863,95,7
4874,95,7
4884,95,7
4894,95,7
4904,95,7
4914,95,7
4925,95,7
4935,95,7
4945,95,7
4955,95,7
4965,95,7
4975,95,7
4986,95,7
4996,95,7
5006,95,7
5016,95,7
5026,95,7
5036,95,7
5046,95,7
5056,95,7
5067,95,7
5077,95,7
5087,95,7
5097,95,7
5107,95,7
5117,95,7
5127,95,7
5137,95,7
5148,95,7
5158,95,7
5168,95,7
5178,95,7
5188,95,7
5198,95,7
5208,95,7
5218,95,7
5229,95,7
5239,95,7
5249,95,7
5259,95,7
5269,95,7
5279,95,7
5289,95,7
5299,95,7
5310,95,7
5320,95,7
5330,95,7
5340,95,7
5350,95,7
5360,95,7
5370,95,7
5380,95,7
5391,95,7
5401,95,7
5412,95,7
5423,95,7
5433,95,7
5443,95,7
5453,95,7
5463,95,7
5473,95,7
5483,95,7
5493,95,7
5504,95,7
5514,95,7
5524,95,7
5534,95,7
5544,95,7
5554,95,7
5564,95,7
5574,95,7
5585,95,7
5595,95,7
5605,95,7
5615,95,7
5625,95,7
5635,95,7
5645,95,7
5655,95,7
5666,95,7
5676,95,7
5686,95,7
5696,95,7
5706,95,7
5717,95,7
5728,95,7
5738,95,7
5748,95,7
5758,95,7
5769,95,7
5779,95,7
5789,95,7
5799,95,7
5809,95,7
5819,95,7
5829,95,7
5839,95,7
5850,95,7
5860,95,7
5870,95,7
5880,95,7
5890,95,7
5900,95,7
5910,95,7
5920,95,7
5931,95,7
5941,95,7
5951,95,7
5961,95,7
5971,95,7
5981,95,7
5991,95,7
6001,95,7
6011,95,7
6022,95,7
6032,95,7
6042,95,7
6052,95,7
6062,95,7
6072,95,7
6082,95,7
6092,95,7
6103,95,7
6113,95,7
6123,95,7
6133,95,7
6143,95,7
6153,95,7
6163,95,7
6174,95,7
6184,95,7
6194,95,7
6204,95,7
6214,95,7
6224,95,7
6235,95,7
6245,95,7
6255,95,7
6265,95,7
6275,95,7
6285,95,7
6295,95,7
6306,95,7
6316,95,7
6326,95,7
6336,95,7
6346,95,7
6356,95,7
6367,95,7
6378,95,7
6390,95,7
6400,95,7
6411,95,7
6421,95,7
6432,95,7
6442,95,7
6452,95,7
6462,95,7
6472,95,7
6482,95,7
6492,95,7
6503,95,7
6513,95,7
6523,95,7
6534,95,7
6544,95,7
6554,95,7
6564,95,7
6574,95,7
6584,95,7
6595,95,7
6605,95,7
6615,95,7
6625,95,7
6635,95,7
6645,95,7
6655,95,7
6665,95,7
6676,95,7
6686,95,7
6696,95,7
6706,95,7
6716,95,7
6726,95,7
6736,95,7
6746,95,7
6756,95,7
6767,95,7
6777,95,7
6787,95,7
6797,95,7
6808,95,7
6818,95,7
6828,95,7
6838,95,7
6849,95,7
6859,95,7
6869,95,7
6879,95,7
6889,95,7
6899,95,7
6909,95,7
6920,95,7
6930,95,7
6940,95,7
6950,95,7
6960,95,7
6970,95,7
6980,95,7
6990,95,7
7001,95,7
7011,95,7
7021,95,7
7031,95,7
7041,95,7
7051,95,7
7062,95,7
7072,95,7
7082,95,7
7092,95,7
7102,95,7
7112,95,7
7122,95,7
7133,95,7
7143,95,7
7153,95,7
7163,95,7
7173,95,7
7183,95,7
7193,95,7
7203,95,7
7214,95,7
7224,95,7
7234,95,7
7244,95,7
7254,95,7
7264,95,7
7274,95,7
7284,95,7
7295,95,7
7305,95,7
7315,95,7
7325,95,7
7335,95,7
7345,95,7
7355,95,7
7365,95,7
7376,95,7
7386,95,7
7396,95,7
7406,95,7
7420,95,7
7430,95,7
7440,95,7
7450,95,7
7461,95,7
7471,95,7
7481,95,7
7491,95,7
7501,95,7
7511,95,7
7521,95,7
7531,95,7
7542,95,7
7552,95,7
7562,95,7
7572,95,7
7582,95,7
7592,95,7
7602,95,7
7612,95,7
7623,95,7
7633,95,7
7643,95,7
7653,95,7
7663,95,7
7673,95,7
7683,95,7
7693,95,7
7704,95,7
7714,95,7
7724,95,7
7734,95,7
7744,95,7
7754,95,7
7765,95,7
7781,95,7
7792,95,7
7803,95,7
7813,95,7
7824,95,7
7834,95,7
7845,95,7
7855,95,7
7865,95,7
7875,95,7
7885,95,7
7895,95,7
7905,95,7
7915,95,7
7926,95,7
7936,95,7
7946,95,7
7956,95,7
7966,95,7
7976,95,7
7987,95,7
7997,95,7
8007,95,7
8017,95,7
8027,95,7
8037,95,7
8047,95,7
8057,95,7
8068,95,7
8078,95,7
8088,95,7
8098,95,7
8108,95,7
8118,95,7
8128,95,7
8139,95,7
8149,95,7
8159,95,7
8169,95,7
8179,95,7
8189,95,7
8199,95,7
8209,95,7
8220,95,7
8230,95,7
8240,95,7
8250,95,7
8260,95,7
8270,95,7
8280,95,7
8290,95,7
8301,95,7
8311,95,7
8321,95,7
8331,95,7
8341,95,7
8351,95,7
8361,95,7
8371,95,7
8382,95,7
8392,95,7
8402,95,7
8412,95,7
8422,95,7
8432,95,7
8442,95,7
8453,95,7
8463,95,7
8473,95,7
8483,95,7
8493,95,7
8503,95,7
8513,95,7
8524,95,7
8534,95,7
8544,95,7
8554,95,7
8564,95,7
8574,95,7
8584,95,7
8594,95,7
8605,95,7
8615,95,7
8625,95,7
8635,95,7
8645,95,7
8655,95,7
8665,95,7
8676,95,7
8686,95,7
8698,95,7
8708,95,7
8718,95,7
8728,95,7
8738,95,7
8748,95,7
8758,95,7
8769,95,7
8779,95,7
8789,95,7
8799,95,7
8809,95,7
8819,95,7
8829,95,7
8839,95,7
8850,95,7
8860,95,7
8870,95,7
8880,95,7
8890,95,7
8900,95,7
8910,95,7
8920,95,7
8931,95,7
8941,95,7
8951,95,7
8961,95,7
8971,95,7
8981,95,7
8991,95,7
9001,95,7
9012,95,7
9022,95,7
9032,95,7
9042,95,7
9052,95,7
9062,95,7
9072,95,7
9082,95,7
9093,95,7
9103,95,7
9113,95,7
9123,95,7
9134,95,7
9144,95,7
9154,95,7
9164,95,7
9174,95,7
9185,95,7
9195,95,7
9205,95,7
9215,95,7
9225,95,7
9235,95,7
9246,95,7
9256,95,7
9266,95,7
9276,95,7
9286,95,7
9296,95,7
9306,95,7
9317,95,7
9327,95,7
9337,95,7
9347,95,7
9357,95,7
9367,95,7
9377,95,7
9387,95,7
9398,95,7
9408,95,7
9418,95,7
9428,95,7
9438,95,7
9449,95,7
9459,95,7
9469,95,7
9480,95,7
9490,95,7
9500,95,7
9510,95,7
9520,95,7
9530,95,7
9540,95,7
9550,95,7
9560,95,7
9571,95,7
9581,95,7
9591,95,7
9601,95,7
9611,95,7
9621,95,7
9631,95,7
9642,95,7
9652,95,7
9662,95,7
9672,95,7
9682,95,7
9692,95,7
9702,95,7
9713,95,7
9723,95,7
9733,95,7
9743,95,7
9753,95,7
9763,95,7
9773,95,7
9783,95,7
9793,95,7
9804,95,7
9814,95,7
9824,95,7
9834,95,7
9845,95,7
9856,95,7
9868,95,7
9878,95,7
9889,95,7
9900,95,7
9911,95,7
9921,95,7
9932,95,7
9942,95,7
9952,95,7
9962,95,7
9972,95,7
9982,95,7
9992,95,7
10002,95,7
10013,95,7
10023,95,7
10033,95,7
10043,95,7
10053,95,7
10063,95,7
10073,95,7
10084,95,7
10094,95,7
10104,95,7
10114,95,7
10124,95,7
10134,95,7
10144,95,7
10155,95,7
10165,95,7
10175,95,7
10185,95,7
10195,95,7
10205,95,7
10215,95,7
10226,95,7
10236,95,7
10246,95,7
10256,95,7
10266,95,7
10276,95,7
10286,95,7
10297,95,7
10307,95,7
10317,95,7
10327,95,7
10337,95,7
10347,95,7
10357,95,7
10368,95,7
10378,95,7
10388,95,7
10398,95,7
10408,95,7
10418,95,7
10428,95,7
10438,95,7
10449,95,7
10459,95,7
10469,95,7
10479,95,7
10489,95,7
10499,95,7
10509,95,7
10519,95,7
10529,95,7
10540,95,7
10550,95,7
10560,95,7
10570,95,7
10580,95,7
10590,95,7
10600,95,7
10610,95,7
10621,95,7
10631,95,7
10641,95,7
10651,95,7
10661,95,7
10671,95,7
10681,95,7
10691,95,7
10702,95,7
10712,95,7
10722,95,7
10732,95,7
10742,95,7
10752,95,7
10762,95,7
10773,95,7
10783,95,7
10793,95,7
10803,95,7
10813,95,7
10823,95,7
10833,95,7
10843,95,7
10854,95,7
10864,95,7
10874,95,7
10884,95,7
10894,95,7
10904,95,7
10914,95,7
10924,95,7
10935,95,7
10945,95,7
10955,95,7
10965,95,7
10975,95,7
10985,95,7
10995,95,7
11005,95,7
11016,95,7
11026,95,7
11036,95,7
11046,95,7
11056,95,7
11066,95,7
11076,95,7
11086,95,7
11097,95,7
11107,95,7
11117,95,7
11127,95,7
11137,95,7
11148,95,7
11158,95,7
11168,95,7
11179,95,7
11189,95,7
11199,95,7
11209,95,7
11220,95,7
11230,95,7
11240,95,7
11250,95,7
11260,95,7
11270,95,7
11281,95,7
11291,95,7
11301,95,7
11311,95,7
11321,95,7
11331,95,7
11341,95,7
11352,95,7
11364,95,7
11374,95,7
11384,95,7
11394,95,7
11405,95,7
11415,95,7
11425,95,7
11435,95,7
11445,95,7
11455,95,7
11465,95,7
11476,95,7
11486,95,7
11496,95,7
11506,95,7
11516,95,7
11526,95,7
11536,95,7
11546,95,7
11557,95,7
11567,95,7
11577,95,7
11587,95,7
11598,95,7
11609,95,7
11620,95,7
11630,95,7
11640,95,7
11650,95,7
11660,95,7
11670,95,7
11680,95,7
11691,95,7
11701,95,7
11711,95,7
11721,95,7
11731,95,7
11741,95,7
11751,95,7
11762,95,7
11772,95,7
11782,95,7
11792,95,7
11802,95,7
11813,95,7
11823,95,7
11834,95,7
11844,95,7
11854,95,7
11865,95,7
11875,95,7
11885,95,7
11895,95,7
11905,95,7
11916,95,7
11932,95,7
11942,95,7
11952,95,7
11963,95,7
11973,95,7
11985,95,7
11995,95,7
12005,95,7
12015,95,7
12026,95,7
12036,95,7
12046,95,7
12056,95,7
12066,95,7
12076,95,7
12086,95,7
12096,95,7
12107,95,7
12117,95,7
12127,95,7
12137,95,7
12147,95,7
12157,95,7
12167,95,7
12178,95,7
12188,95,7
12198,95,7
12208,95,7
12218,95,7
12228,95,7
12239,95,7
12249,95,7
12259,95,7
12269,95,7
12279,95,7
12289,95,7
12299,95,7
12309,95,7
12319,95,7
12330,95,7
12340,95,7
12350,95,7
12360,95,7
12370,95,7
12380,95,7
12392,95,7
12402,95,7
12412,95,7
12422,95,7
12432,95,7
12442,95,7
12452,95,7
12462,95,7
12473,95,7
12483,95,7
12493,95,7
12503,95,7
12513,95,7
12523,95,7
12533,95,7
12544,95,7
12554,95,7
12564,95,7
12574,95,7
12584,95,7
12594,95,7
12604,95,7
12614,95,7
12624,95,7
12635,95,7
12645,95,7
12655,95,7
12665,95,7
12675,95,7
12685,95,7
12695,95,7
12706,95,7
12716,95,7
12726,95,7
12736,95,7
12746,95,7
12756,95,7
12766,95,7
12776,95,7
12787,95,7
12797,95,7
12807,95,7
12817,95,7
12827,95,7
12837,95,7
12848,95,7
12858,95,7
12868,95,7
12879,95,7
12889,95,7
12899,95,7
12909,95,7
12919,95,7
12930,95,7
12940,95,7
12950,95,7
12960,95,7
12970,95,7
12980,95,7
12990,95,7
13000,95,7
13011,95,7
13021,95,7
13031,95,7
13041,95,7
13051,95,7
13061,95,7
13071,95,7
13081,95,7
13092,95,7
13102,95,7
13112,95,7
13122,95,7
13132,95,7
13142,95,7
13152,95,7
13163,95,7
13173,95,7
13183,95,7
13194,95,7
13204,95,7
13214,95,7
13224,95,7
13234,95,7
13245,95,7
13255,95,7
13265,95,7
13277,95,7
13287,95,7
13297,95,7
13307,95,7
13317,95,7
13327,95,7
13338,95,7
13348,95,7
13358,95,7
13368,95,7
13378,95,7
13388,95,7
13398,95,7
13408,95,7
13419,95,7
13429,95,7
13439,95,7
13449,95,7
13459,95,7
13470,95,7
13480,95,7
13490,95,7
13500,95,7
13510,95,7
13520,95,7
13530,95,7
13541,95,7
13551,95,7
13561,95,7
13571,95,7
13581,95,7
13591,95,7
13601,95,7
13612,95,7
13622,95,7
13632,95,7
13642,95,7
13652,95,7
13662,95,7
13673,95,7
13683,95,7
13693,95,7
13703,95,7
13713,95,7
13723,95,7
13733,95,7
13744,95,7
13754,95,7
13764,95,7
13774,95,7
13784,95,7
13794,95,7
13804,95,7
13815,95,7
13825,95,7
13835,95,7
13845,95,7
13855,95,7
13865,95,7
13875,95,7
13885,95,7
13896,95,7
13906,95,7
13916,95,7
13926,95,7
13936,95,7
13946,95,7
13956,95,7
13967,95,7
13977,95,7
13987,95,7
14000,95,7
14011,95,7
14022,95,7
14032,95,7
14042,95,7
14052,95,7
14062,95,7
14072,95,7
14083,95,7
14093,95,7
14103,95,7
14113,95,7
14123,95,7
14133,95,7
14143,95,7
14153,95,7
14163,95,7
14174,95,7
14184,95,7
14194,95,7
14204,95,7
14214,95,7
14224,95,7
14235,95,7
14245,95,7
14255,95,7
14266,95,7
14277,95,7
14287,95,7
14297,95,7
14307,95,7
14317,95,7
14327,95,7
14337,95,7
14348,95,7
14358,95,7
14368,95,7
14378,95,7
14388,95,7
14398,95,7
14408,95,7
14418,95,7
14429,95,7
14439,95,7
14449,95,7
14459,95,7
14469,95,7
14479,95,7
14489,95,7
14500,95,7
14510,95,7
14520,95,7
14530,95,7
14540,95,7
14550,95,7
14560,95,7
14570,95,7
14581,95,7
14591,95,7
14601,95,7
14611,95,7
14621,95,7
14631,95,7
14641,95,7
14652,95,7
14662,95,7
14672,95,7
14682,95,7
14692,95,7
14702,95,7
14712,95,7
14723,95,7
14733,95,7
14743,95,7
14753,95,7
14763,95,7
14773,95,7
14783,95,7
14793,95,7
14804,95,7
14814,95,7
14824,95,7
14834,95,7
14844,95,7
14854,95,7
14864,95,7
14874,95,7
14885,95,7
14895,95,7
14905,95,7
14915,95,7
14925,95,7
14935,95,7
14946,95,7
14957,95,7
14968,95,7
14978,95,7
14988,95,7
14998,95,7
15008,95,7
15019,95,7
15029,95,7
15039,95,7
15049,95,7
15059,95,7
15069,95,7
15080,95,7
15090,95,7
15100,95,7
15110,95,7
15121,95,7
15131,95,7
15141,95,7
15151,95,7
15161,95,7
15172,95,7
15182,95,7
15192,95,7
15202,95,7
15212,95,7
15222,95,7
15232,95,7
15242,95,7
15253,95,7
15263,95,7
15273,95,7
15283,95,7
15293,95,7
15303,95,7
15313,95,7
15324,95,7
15334,95,7
15344,95,7
15354,95,7
15364,95,7
15375,95,7
15385,95,7
15395,95,7
15405,95,7
15415,95,7
15425,95,7
15435,95,7
15445,95,7
15456,95,7
15466,95,7
15476,95,7
15486,95,7
15496,95,7
15507,95,7
15517,95,7
15528,95,7
15538,95,7
15548,95,7
15558,95,7
15568,95,7
15578,95,7
15588,95,7
15599,95,7
15609,95,7
15619,95,7
15629,95,7
15639,95,7
15649,95,7
15659,95,7
15670,95,7
15680,95,7
15690,95,7
15700,95,7
15710,95,7
15720,95,7
15730,95,7
15741,95,7
15751,95,7
15761,95,7
15771,95,7
15781,95,7
15791,95,7
15801,95,7
15812,95,7
15822,95,7
15832,95,7
15842,95,7
15852,95,7
15862,95,7
15872,95,7
15883,95,7
15893,95,7
15903,95,7
15913,95,7
15923,95,7
15933,95,7
15943,95,7
15953,95,7
15964,95,7
15974,95,7
15984,95,7
15994,95,7
16004,95,7
16015,95,7
16025,95,7
16035,95,7
16045,95,7
16055,95,7
16066,95,7
16076,95,7
16086,95,7
16097,95,7
16107,95,7
16117,95,7
16127,95,7
16137,95,7
16147,95,7
16158,95,7
16168,95,7
16183,95,7
16193,95,7
16203,95,7
16213,95,7
16224,95,7
16234,95,7
16244,95,7
16254,95,7
16264,95,7
16274,95,7
16284,95,7
16294,95,7
16305,95,7
16315,95,7
16325,95,7
16335,95,7
16345,95,7
16356,95,7
16366,95,7
16377,95,7
16388,95,7
16398,95,7
16408,95,7
16418,95,7
16428,95,7
16438,95,7
16448,95,7
16459,95,7
16469,95,7
16479,95,7
16489,95,7
16499,95,7
16509,95,7
16520,95,7
16530,95,7
16540,95,7
16550,95,7
16560,95,7
16571,95,7
16581,95,7
16591,95,7
16601,95,7
16611,95,7
16621,95,7
16631,95,7
16642,95,7
16652,95,7
16662,95,7
16672,95,7
16682,95,7
16692,95,7
16703,95,7
16713,95,7
16723,95,7
16733,95,7
16743,95,7
16754,95,7
16764,95,7
16774,95,7
16784,95,7
16794,95,7
16804,95,7
16814,95,7
16825,95,7
16835,95,7
16845,95,7
16855,95,7
16866,95,7
16877,95,7
16887,95,7
16897,95,7
16907,95,7
16917,95,7
16927,95,7
16937,95,7
16948,95,7
16958,95,7
16968,95,7
16978,95,7
16988,95,7
16998,95,7
17009,95,7
17019,95,7
17030,95,7
17040,95,7
17050,95,7
17060,95,7
17070,95,7
17081,95,7
17091,95,7
17101,95,7
17111,95,7
17122,95,7
17132,95,7
17142,95,7
17152,95,7
17162,95,7
17172,95,7
17182,95,7
17193,95,7
17203,95,7
17213,95,7
17223,95,7
17233,95,7
17243,95,7
17253,95,7
17263,95,7
17274,95,7
17286,95,7
17296,95,7
17306,95,7
17316,95,7
17326,95,7
17337,95,7
17347,95,7
17357,95,7
17367,95,7
17378,95,7
17388,95,7
17399,95,7
17410,95,7
17421,95,7
17431,95,7
17441,95,7
17451,95,7
17461,95,7
17471,95,7
17481,95,7
17495,95,7
17509,95,7
17520,95,7
17530,95,7
17540,95,7
17550,95,7
17560,95,7
17570,95,7
17581,95,7
17591,95,7
17602,95,7
17612,95,7
17622,95,7
17633,95,7
17645,95,7
17655,95,7
17665,95,7
17675,95,7
17686,95,7
17696,95,7
17706,95,7
17716,95,7
17726,95,7
17736,95,7
17746,95,7
17756,95,7
17767,95,7
17777,95,7
17787,95,7
17797,95,7
17807,95,7
17817,95,7
17827,95,7
17838,95,7
17848,95,7
17858,95,7
17868,95,7
17878,95,7
17888,95,7
17898,95,7
17909,95,7
17920,95,7
17930,95,7
17940,95,7
17950,95,7
17961,95,7
17971,95,7
17981,95,7
17991,95,7
18001,95,7
18011,95,7
18021,95,7
18032,95,7
18042,95,7
18052,95,7
18062,95,7
18072,95,7
18082,95,7
18092,95,7
18103,95,7
18113,95,7
18123,95,7
18133,95,7
18143,95,7
18153,95,7
18164,95,7
18174,95,7
18184,95,7
18194,95,7
18205,95,7
18215,95,7
18225,95,7
18235,95,7
18245,95,7
18255,95,7
18265,95,7
18275,95,7
18286,95,7
18296,95,7
18306,95,7
18316,95,7
18327,95,7
18337,95,7
18347,95,7
18357,95,7
18367,95,7
18377,95,7
18387,95,7
18397,95,7
18408,95,7
18418,95,7
18428,95,7
18438,95,7
18448,95,7
18458,95,7
18468,95,7
18478,95,7
18489,95,7
18499,95,7
18509,95,7
18519,95,7
18529,95,7
18540,95,7
18550,95,7
18560,95,7
18570,95,7
18580,95,7
18590,95,7
18601,95,7
18611,95,7
18621,95,7
18631,95,7
18641,95,7
18651,95,7
18661,95,7
18671,95,7
18682,95,7
18692,95,7
18702,95,7
18712,95,7
18722,95,7
18733,95,7
18743,95,7
18753,95,7
18763,95,7
18773,95,7
18783,95,7
18793,95,7
18803,95,7
18814,95,7
18824,95,7
18834,95,7
18844,95,7
18854,95,7
18864,95,7
18874,95,7
18884,95,7
18895,95,7
18905,95,7
18915,95,7
18925,95,7
18935,95,7
18945,95,7
18955,95,7
18966,95,7
18976,95,7
18986,95,7
18996,95,7
19006,95,7
19016,95,7
19027,95,7
19037,95,7
19047,95,7
19057,95,7
19067,95,7
19077,95,7
19087,95,7
19097,95,7
19108,95,7
19118,95,7
19128,95,7
19138,95,7
19148,95,7
19158,95,7
19168,95,7
19178,95,7
19189,95,7
19199,95,7
19209,95,7
19219,95,7
19229,95,7
19239,95,7
19249,95,7
19260,95,7
19270,95,7
19280,95,7
19290,95,7
19300,95,7
19310,95,7
19320,95,7
19330,95,7
19340,95,7
19351,95,7
19361,95,7
19371,95,7
19381,95,7
19391,95,7
19401,95,7
19411,95,7
19422,95,7
19432,95,7
19442,95,7
19452,95,7
19462,95,7
19472,95,7
19482,95,7
19493,95,7
19503,95,7
19513,95,7
19523,95,7
19533,95,7
19543,95,7
19554,95,7
19564,95,7
19574,95,7
19584,95,7
19594,95,7
19604,95,7
19614,95,7
19625,95,7
19635,95,7
19645,95,7
19655,95,7
19665,95,7
19675,95,7
19685,95,7
19696,95,7
19706,95,7
19716,95,7
19726,95,7
19736,95,7
19746,95,7
19756,95,7
19767,95,7
19777,95,7
19787,95,7
19797,95,7
19807,95,7
19817,95,7
19827,95,7
19838,95,7
19848,95,7
19858,95,7
19868,95,7
19878,95,7
19888,95,7
19898,95,7
19910,95,7
19920,95,7
19930,95,7
19940,95,7
19950,95,7
19961,95,7
19971,95,7
19981,95,7
19991,95,7
20001,95,7
20011,95,7
20021,95,7
20031,95,7
20042,95,7
20052,95,7
20062,95,7
20072,95,7
20082,95,7
20092,95,7
20103,95,7
20113,95,7
20123,95,7
20133,95,7
20143,95,7
20153,95,7
20163,95,7
20173,95,7
20184,95,7
20196,95,7
20206,95,7
20217,95,7
20227,95,7
20238,95,7
20248,95,7
20258,95,7
20268,95,7
20278,95,7
20288,95,7
20299,95,7
20309,95,7
20319,95,7
20329,95,7
20339,95,7
20349,95,7
20359,95,7
20370,95,7
20380,95,7
20390,95,7
20400,95,7
20410,95,7
20420,95,7
20430,95,7
20440,95,7
20451,95,7
20461,95,7
20471,95,7
20481,95,7
20491,95,7
20501,95,7
20512,95,7
20522,95,7
20532,95,7
20542,95,7
20552,95,7
20562,95,7
20572,95,7
20583,95,7
20593,95,7
20603,95,7
20613,95,7
20623,95,7
20633,95,7
20643,95,7
20654,95,7
20664,95,7
20674,95,7
20684,95,7
20694,95,7
20704,95,7
20714,95,7
20725,95,7
20735,95,7
20745,95,7
20755,95,7
20765,95,7
20775,95,7
20786,95,7
20796,95,7
20806,95,7
20816,95,7
20826,95,7
20836,95,7
20846,95,7
20857,95,7
20867,95,7
20877,95,7
20887,95,7
20897,95,7
20907,95,7
20917,95,7
20927,95,7
20938,95,7
20948,95,7
20958,95,7
20968,95,7
20978,95,7
20988,95,7
20998,95,7
21008,95,7
21019,95,7
21029,95,7
21039,95,7
21049,95,7
21059,95,7
21069,95,7
21079,95,7
21089,95,7
21100,95,7
21110,95,7
21120,95,7
21130,95,7
21140,95,7
21151,95,7
21161,95,7
21171,95,7
21181,95,7
21191,95,7
21201,95,7
21212,95,7
21222,95,7
21232,95,7
21242,95,7
21252,95,7
21263,95,7
21273,95,7
21283,95,7
21293,95,7
21303,95,7
21313,95,7
21324,95,7
21334,95,7
21344,95,7
21354,95,7
21365,95,7
21376,95,7
21387,95,7
21397,95,7
21407,95,7
21417,95,7
21428,95,7
21438,95,7
21448,95,7
21458,95,7
21468,95,7
21478,95,7
21488,95,7
21499,95,7
21509,95,7
21519,95,7
21529,95,7
21539,95,7
21549,95,7
21559,95,7
21570,95,7
21580,95,7
21590,95,7
21600,95,7
21610,95,7
21620,95,7
21630,95,7
21640,95,7
21651,95,7
21661,95,7
21671,95,7
21681,95,7
21691,95,7
21701,95,7
21711,95,7
21722,95,7
21732,95,7
21742,95,7
21752,95,7
21762,95,7
21772,95,7
21783,95,7
21793,95,7
21803,95,7
21813,95,7
21823,95,7
21833,95,7
21843,95,7
21854,95,7
21864,95,7
21874,95,7
21884,95,7
21894,95,7
21905,95,7
21915,95,7
21925,95,7
21935,95,7
21945,95,7
21956,95,7
21966,95,7
21976,95,7
21986,95,7
21996,95,7
22006,95,7
22016,95,7
22026,95,7
22037,95,7
22047,95,7
22057,95,7
22067,95,7
22077,95,7
22087,95,7
22097,95,7
22107,95,7
22118,95,7
22128,95,7
22138,95,7
22148,95,7
22158,95,7
22168,95,7
22178,95,7
22189,95,7
22199,95,7
22209,95,7
22219,95,7
22229,95,7
22239,95,7
22250,95,7
22261,95,7
22274,95,7
22285,95,7
22295,95,7
22306,95,7
22316,95,7
22326,95,7
22336,95,7
22346,95,7
22356,95,7
22366,95,7
22377,95,7
22387,95,7
22397,95,7
22407,95,7
22417,95,7
22427,95,7
22437,95,7
22448,95,7
22458,95,7
22468,95,7
22478,95,7
22488,95,7
22498,95,7
22508,95,7
22519,95,7
22529,95,7
22539,95,7
22549,95,7
22559,95,7
22569,95,7
22579,95,7
22589,95,7
22600,95,7
22610,95,7
22620,95,7
22630,95,7
22641,95,7
22652,95,7
22662,95,7
22672,95,7
22682,95,7
22692,95,7
22702,95,7
22712,95,7
22723,95,7
22733,95,7
22743,95,7
22753,95,7
22763,95,7
22773,95,7
22783,95,7
22794,95,7
22804,95,7
22814,95,7
22825,95,7
22835,95,7
22845,95,7
22855,95,7
22865,95,7
22876,95,7
22886,95,7
22896,95,7
22906,95,7
22916,95,7
22926,95,7
22936,95,7
22947,95,7
22957,95,7
22967,95,7
22977,95,7
22987,95,7
22998,95,7
23008,95,7
23018,95,7
23028,95,7
23038,95,7
23049,95,7
23059,95,7
23069,95,7
23079,95,7
23089,95,7
23099,95,7
23109,95,7
23120,95,7
23130,95,7
23140,95,7
23150,95,7
23160,95,7
23170,95,7
23180,95,7
23190,95,7
23201,95,7
23211,95,7
23225,85,6
23235,85,6
23245,75,5
23255,75,5
23265,100,5
23275,100,5
23286,90,4
23296,90,4
23306,80,3
23316,80,3
23326,80,3
23336,80,3
23346,70,2
23356,70,2
23367,70,2
23377,70,2
23387,70,2
23397,70,2
23407,70,2
23417,70,2
23427,70,2
23437,70,2
23448,70,2
23458,70,2
23468,70,2
23478,70,2
23488,70,2
23498,70,2
23508,70,2
23519,70,2
23529,70,2
23539,70,2
23549,70,2
23559,70,2
23569,70,2
23579,70,2
23589,70,2
23599,70,2
23610,70,2
23620,70,2
23630,70,2
23640,70,2
23650,70,2
23660,70,2
23670,70,2
23681,70,2
23691,70,2
23701,70,2
23711,70,2
23721,70,2
23731,70,2
23741,70,2
23752,70,2
23762,70,2
23772,70,2
23782,70,2
23792,70,2
23802,70,2
23812,70,2
23822,70,2
23833,70,2
23843,70,2
23853,70,2
23863,70,2
23873,70,2
23883,70,2
23893,70,2
23903,70,2
23914,70,2
23924,70,2
23934,70,2
23944,70,2
23954,70,2
23964,70,2
23974,70,2
23984,70,2
23995,70,2
24005,70,2
24015,70,2
24025,70,2
24036,70,2
24046,70,2
24057,70,2
24067,70,2
24077,70,2
24087,70,2
24097,70,2
24107,70,2
24118,70,2
24128,70,2
24138,70,2
24148,70,2
24158,70,2
24168,70,2
24178,70,2
24188,70,2
24199,70,2
24209,70,2
24219,70,2
24229,70,2
24239,70,2
24249,70,2
24259,70,2
24269,70,2
24280,70,2
24290,70,2
24300,70,2
24311,70,2
24321,70,2
24332,70,2
24342,70,2
24352,70,2
24362,70,2
24372,70,2
24383,70,2
24393,70,2
24403,70,2
24413,70,2
24423,70,2
24433,70,2
24443,70,2
24453,70,2
24464,70,2
24474,70,2
24484,70,2
24494,70,2
24504,70,2
24514,70,2
24524,70,2
24534,70,2
24545,70,2
24555,70,2
24565,70,2
24575,70,2
24585,70,2
24595,70,2
24605,70,2
24615,70,2
24626,70,2
24636,70,2
24646,70,2
24656,70,2
24666,70,2
24676,70,2
24686,70,2
24696,70,2
24707,70,2
24717,70,2
24727,70,2
24737,70,2
24747,70,2
24758,70,2
24768,70,2
24778,70,2
24788,70,2
24798,70,2
24808,70,2
24818,70,2
24829,70,2
24839,70,2
24849,70,2
24859,70,2
24869,70,2
24879,70,2
24889,70,2
24899,70,2
24910,70,2
24920,70,2
24930,70,2
24940,70,2
24950,70,2
24960,70,2
24970,70,2
24980,70,2
24991,70,2
25001,70,2
25011,70,2
25021,70,2
25031,70,2
25041,70,2
25051,70,2
25061,70,2
25071,70,2
25082,70,2
25092,70,2
25102,70,2
25112,70,2
25122,70,2
25132,70,2
25142,70,2
25153,70,2
25163,70,2
25174,70,2
25184,70,2
25194,70,2
25205,70,2
25215,70,2
25225,70,2
25235,70,2
25245,70,2
25256,70,2
25266,70,2
25276,70,2
25286,70,2
25296,70,2
25307,70,2
25317,70,2
25327,70,2
25337,70,2
25347,70,2
25357,70,2
25367,70,2
25377,70,2
25388,70,2
25398,70,2
25408,70,2
25418,70,2
25428,70,2
25438,70,2
25448,70,2
25458,70,2
25469,70,2
25479,70,2
25489,70,2
25499,70,2
25509,70,2
25519,70,2
25529,70,2
25540,70,2
25550,70,2
25560,70,2
25570,70,2
25580,70,2
25590,70,2
25600,70,2
25611,70,2
25621,70,2
25631,70,2
25641,70,2
25651,70,2
25661,70,2
25671,70,2
25682,70,2
25692,70,2
25702,70,2
25712,70,2
25722,70,2
25732,70,2
25742,70,2
25753,70,2
25763,70,2
25773,70,2
25783,70,2
25793,70,2
25803,70,2
25814,70,2
25824,70,2
25834,70,2
25844,70,2
25854,70,2
25864,70,2
25874,70,2
25885,70,2
25895,70,2
25905,70,2
25915,70,2
25925,70,2
25935,70,2
25945,70,2
25955,70,2
25966,70,2
25976,70,2
25986,70,2
25996,70,2
26006,70,2
26016,70,2
26026,70,2
26036,70,2
26047,70,2
26057,70,2
26067,70,2
26077,70,2
26087,70,2
26097,70,2
26107,70,2
26117,70,2
26128,70,2
26138,70,2
26148,70,2
26158,70,2
26168,70,2
26178,70,2
26188,70,2
26198,70,2
26209,70,2
26219,70,2
26229,70,2
26239,70,2
26249,70,2
26259,70,2
26269,70,2
26280,70,2
26290,70,2
26300,70,2
26310,70,2
26320,70,2
26330,70,2
26340,70,2
26351,70,2
26361,70,2
26371,70,2
26383,70,2
26393,70,2
26405,70,2
26415,70,2
26426,70,2
26436,70,2
26446,70,2
26456,70,2
26467,70,2
26477,70,2
26487,70,2
26497,70,2
26507,70,2
26517,70,2
26527,70,2
26538,70,2
26548,70,2
26558,70,2
26568,70,2
26578,70,2
26588,70,2
26598,70,2
26608,70,2
26619,70,2
26629,70,2
26639,70,2
26649,70,2
26659,70,2
26669,70,2
26679,70,2
26690,70,2
26700,70,2
26710,70,2
26720,70,2
26730,70,2
26740,70,2
26750,70,2
26760,70,2
26771,70,2
26781,70,2
26791,70,2
26801,70,2
26811,70,2
26821,70,2
26831,70,2
26841,70,2
26852,70,2
26862,70,2
26873,70,2
26883,70,2
26893,70,2
26903,70,2
26914,70,2
26924,70,2
26934,70,2
26944,70,2
26955,70,2
26965,70,2
26975,70,2
26986,70,2
26996,70,2
27006,70,2
27016,70,2
27026,70,2
27036,70,2
27046,70,2
27057,70,2
27067,70,2
27077,70,2
27087,70,2
27097,70,2
27107,70,2
27117,70,2
27127,70,2
27138,70,2
27148,70,2
27158,70,2
27168,70,2
27178,70,2
27188,70,2
27198,70,2
27208,70,2
27219,70,2
27229,70,2
27239,70,2
27249,70,2
27259,70,2
27269,70,2
27279,70,2
27289,70,2
27300,70,2
27310,70,2
27320,70,2
27330,70,2
27340,70,2
27350,70,2
27360,70,2
27371,70,2
27381,70,2
27391,70,2
27401,70,2
27411,70,2
27422,70,2
27432,70,2
27442,70,2
27452,70,2
27462,70,2
27472,70,2
27482,70,2
27493,70,2
27503,70,2
27513,70,2
27523,70,2
27533,70,2
27543,70,2
27553,70,2
27563,70,2
27574,70,2
27584,70,2
27594,70,2
27604,70,2
27614,70,2
27625,70,2
27635,70,2
27645,70,2
27655,70,2
27665,70,2
27675,70,2
27685,70,2
27696,70,2
27706,70,2
27716,70,2
27726,70,2
27736,70,2
27746,70,2
27756,70,2
27767,70,2
27777,70,2
27787,70,2
27797,70,2
27807,70,2
27817,70,2
27827,70,2
27837,70,2
27848,70,2
27858,70,2
27868,70,2
27878,70,2
27888,70,2
27898,70,2
27908,70,2
27919,70,2
27929,70,2
27939,70,2
27949,70,2
27959,70,2
27969,70,2
27979,70,2
27989,70,2
28000,70,2
28010,70,2
28020,70,2
28030,70,2
28040,70,2
28050,70,2
28060,70,2
28071,70,2
28081,70,2
28091,70,2
28103,70,2
28113,70,2
28123,70,2
28133,70,2
28143,70,2
28153,70,2
28164,70,2
28174,70,2
28184,70,2
28194,70,2
28204,70,2
28214,70,2
28225,70,2
28235,70,2
28245,70,2
28255,70,2
28265,70,2
28275,70,2
28286,70,2
28296,70,2
28306,70,2
28316,70,2
28326,70,2
28336,70,2
28346,70,2
28357,70,2
28367,70,2
28377,70,2
28387,70,2
28397,70,2
28407,70,2
28417,70,2
28428,70,2
28438,70,2
28448,70,2
28459,70,2
28469,70,2
28480,70,2
28493,70,2
28507,70,2
28517,70,2
28528,70,2
28538,70,2
28548,70,2
28558,70,2
28568,70,2
28579,70,2
28589,70,2
28599,70,2
28609,70,2
28619,70,2
28629,70,2
28639,70,2
28650,70,2
28660,70,2
28670,70,2
28680,70,2
28690,70,2
28701,70,2
28711,70,2
28721,70,2
28731,70,2
28741,70,2
28751,70,2
28761,70,2
28771,70,2
28782,70,2
28792,70,2
28802,70,2
28812,70,2
28822,70,2
28832,70,2
28842,70,2
28853,70,2
28863,70,2
28873,70,2
28883,70,2
28893,70,2
28903,70,2
28913,70,2
28923,70,2
28934,70,2
28944,70,2
28954,70,2
28964,70,2
28974,70,2
28984,70,2
28994,70,2
29006,70,2
29016,70,2
29026,70,2
29036,70,2
29046,70,2
29057,70,2
29067,70,2
29077,70,2
29087,70,2
29097,70,2
29107,70,2
29117,70,2
29128,70,2
29138,70,2
29148,70,2
29158,70,2
29168,70,2
29178,70,2
29188,70,2
29199,70,2
29209,70,2
29219,70,2
29229,70,2
29239,70,2
29249,70,2
29259,70,2
29269,70,2
29280,70,2
29290,70,2
29300,70,2
29310,70,2
29320,70,2
29330,70,2
29341,70,2
29351,70,2
29361,70,2
29371,70,2
29381,70,2
29391,70,2
29401,70,2
29411,70,2
29422,70,2
29432,70,2
29442,70,2
29452,70,2
29462,70,2
29472,70,2
29483,70,2
29493,70,2
29503,70,2
29513,70,2
29523,70,2
29533,70,2
29543,70,2
29554,70,2
29564,70,2
29574,70,2
29584,70,2
29594,70,2
29604,70,2
29614,70,2
29625,70,2
29635,70,2
29645,70,2
29655,70,2
29665,70,2
29676,70,2
29686,70,2
29696,70,2
29706,70,2
29716,70,2
29726,70,2
29736,70,2
29747,70,2
29757,70,2
29767,70,2
29777,70,2
29787,70,2
29797,70,2
29807,70,2
29818,70,2
29828,70,2
29838,70,2
29848,70,2
29858,70,2
29868,70,2
29878,70,2
29889,70,2
29900,70,2
29910,70,2
29920,70,2
29930,70,2
29940,70,2
29950,70,2
29961,70,2
29971,70,2
29981,70,2
29991,70,2
30001,70,2
30011,70,2
30022,70,2
30032,70,2
30042,70,2
30052,70,2
30062,70,2
30072,70,2
30082,70,2
30093,70,2
30103,70,2
30113,70,2
30123,70,2
30133,70,2
30143,70,2
30153,70,2
30164,70,2
30174,70,2
30184,70,2
30194,70,2
30204,70,2
30214,70,2
30224,70,2
30235,70,2
30245,70,2
30255,70,2
30265,70,2
30275,70,2
30285,70,2
30295,70,2
30306,70,2
30316,70,2
30326,70,2
30336,70,2
30346,70,2
30356,70,2
30367,70,2
30377,70,2
30387,70,2
30397,70,2
30407,70,2
30417,70,2
30428,70,2
30438,70,2
30448,70,2
30459,70,2
30469,70,2
30479,70,2
30489,70,2
30499,70,2
30509,70,2
30519,70,2
30531,70,2
30541,70,2
30553,70,2
30563,70,2
30574,70,2
30584,70,2
30594,70,2
30605,70,2
30615,70,2
30625,70,2
30635,70,2
30645,70,2
30655,70,2
30665,70,2
30676,70,2
30686,70,2
30696,70,2
30706,70,2
30716,70,2
30726,70,2
30736,70,2
30747,70,2
30757,70,2
30767,70,2
30777,70,2
30787,70,2
30797,70,2
30808,70,2
30818,70,2
30828,70,2
30838,70,2
30848,70,2
30858,70,2
30869,70,2
30879,70,2
30889,70,2
30899,70,2
30909,70,2
30919,70,2
30929,70,2
30939,70,2
30950,70,2
30961,70,2
30971,70,2
30981,70,2
30991,70,2
31001,70,2
31011,70,2
31022,70,2
31032,70,2
31042,70,2
31052,70,2
31062,70,2
31072,70,2
31082,70,2
31093,70,2
31103,70,2
31113,70,2
31123,70,2
31133,70,2
31143,70,2
31153,70,2
31163,70,2
31174,70,2
31184,70,2
31194,70,2
31204,70,2
31214,70,2
31224,70,2
31234,70,2
31245,70,2
31255,70,2
31265,70,2
31275,70,2
31285,70,2
31295,70,2
31306,70,2
31316,70,2
31326,70,2
31336,70,2
31346,70,2
31357,70,2
31367,70,2
31378,70,2
31388,70,2
31398,70,2
31408,70,2
31418,70,2
31429,70,2
31439,70,2
31449,70,2
31459,70,2
31469,70,2
31479,70,2
31489,70,2
31500,70,2
31510,70,2
31520,70,2
31530,70,2
31540,70,2
31551,70,2
31561,70,2
31571,70,2
31581,70,2
31591,70,2
31601,70,2
31611,70,2
31621,70,2
31632,70,2
31642,70,2
31652,70,2
31662,70,2
31672,70,2
31682,70,2
31692,70,2
31702,70,2
31713,70,2
31723,70,2
31733,70,2
31743,70,2
31753,70,2
31763,70,2
31773,70,2
31784,70,2
31794,70,2
31804,70,2
31814,70,2
31824,70,2
31834,70,2
31844,70,2
31854,70,2
31865,70,2
31875,70,2
31885,70,2
31895,70,2
31905,70,2
31915,70,2
31925,70,2
31936,70,2
31946,70,2
31956,70,2
31966,70,2
31976,70,2
31986,70,2
31997,70,2
32007,70,2
32017,70,2
32027,70,2
32037,70,2
32047,70,2
32057,70,2
32068,70,2
32078,70,2
32088,70,2
32098,70,2
32108,70,2
32118,70,2
32128,70,2
32138,70,2
32149,70,2
32159,70,2
32169,70,2
32179,70,2
32189,70,2
32200,70,2
32210,70,2
32220,70,2
32230,70,2
32240,70,2
32250,70,2
32260,70,2
32271,70,2
32281,70,2
32291,70,2
32301,70,2
32311,70,2
32321,70,2
32331,70,2
32342,70,2
32352,70,2
32362,70,2
32372,70,2
32382,70,2
32392,70,2
32403,70,2
32413,70,2
32423,70,2
32433,70,2
32443,70,2
32453,70,2
32463,70,2
32474,70,2
32484,70,2
32494,70,2
32504,70,2
32514,70,2
32524,70,2
32534,70,2
32545,70,2
32555,70,2
32565,70,2
32575,70,2
32587,70,2
32597,70,2
32607,70,2
32618,70,2
32628,70,2
32639,70,2
32649,70,2
32659,70,2
32669,70,2
32679,70,2
32689,70,2
32700,70,2
32710,70,2
32720,70,2
32730,70,2
32740,70,2
32750,70,2
32760,70,2
32771,70,2
32781,70,2
32791,70,2
32801,70,2
32811,70,2
32821,70,2
32831,70,2
32842,70,2
32852,70,2
32862,70,2
32872,70,2
32882,70,2
32892,70,2
32902,70,2
32913,70,2
32923,70,2
32933,70,2
32943,70,2
32953,70,2
32963,70,2
32973,70,2
32983,70,2
32994,70,2
33004,70,2
33014,70,2
33024,70,2
33035,70,2
33045,70,2
33055,70,2
33065,70,2
33075,70,2
33085,70,2
33095,70,2
33106,70,2
33116,70,2
33126,70,2
33136,70,2
33146,70,2
33156,70,2
33166,70,2
33177,70,2
33187,70,2
33197,70,2
33207,70,2
33217,70,2
33227,70,2
33237,70,2
33248,70,2
33258,70,2
33268,70,2
33278,70,2
33288,70,2
33298,70,2
33309,70,2
33319,70,2
33329,70,2
33339,70,2
33349,70,2
33359,70,2
33369,70,2
33380,70,2
33390,70,2
33400,70,2
33410,70,2
33420,70,2
33430,70,2
33440,70,2
33451,70,2
33461,70,2
33471,70,2
33481,70,2
33491,70,2
33501,70,2
33512,70,2
33523,70,2
33533,70,2
33543,70,2
33553,70,2
33565,70,2
33575,70,2
33587,70,2
33599,70,2
33609,70,2
33619,70,2
33629,70,2
33639,70,2
33649,70,2
33660,70,2
33670,70,2
33680,70,2
33690,70,2
33700,70,2
33710,70,2
33721,70,2
33731,70,2
33741,70,2
33751,70,2
33761,70,2
33771,70,2
33782,70,2
33792,70,2
33803,70,2
33813,70,2
33823,70,2
33833,70,2
33843,70,2
33854,70,2
33864,70,2
33874,70,2
33884,70,2
33894,70,2
33904,70,2
33914,70,2
33925,70,2
33935,70,2
33945,70,2
33955,70,2
33965,70,2
33975,70,2
33986,70,2
33997,70,2
34007,70,2
34017,70,2
34027,70,2
34037,70,2
34047,70,2
34058,70,2
34068,70,2
34078,70,2
34088,70,2
34098,70,2
34108,70,2
34118,70,2
34129,70,2
34139,70,2
34149,70,2
34159,70,2
34169,70,2
34179,70,2
34190,70,2
34200,70,2
34210,70,2
34220,70,2
34230,70,2
34241,70,2
34251,70,2
34261,70,2
34271,70,2
34281,70,2
34291,70,2
34302,70,2
34312,70,2
34322,70,2
34332,70,2
34342,70,2
34353,70,2
34363,70,2
34373,70,2
34383,70,2
34393,70,2
34403,70,2
34414,70,2
34424,70,2
34434,70,2
34444,70,2
34454,70,2
34464,70,2
34475,70,2
34485,70,2
34495,70,2
34505,70,2
34515,70,2
34525,70,2
34536,70,2
34546,70,2
34556,70,2
34566,70,2
34576,70,2
34586,70,2
34596,70,2
34607,70,2
34617,70,2
34627,70,2
34637,70,2
34648,70,2
34658,70,2
34668,70,2
34680,70,2
34690,70,2
34701,70,2
34711,70,2
34721,70,2
34731,70,2
34741,70,2
34751,70,2
34761,70,2
34772,70,2
34782,70,2
34792,70,2
34802,70,2
34812,70,2
34822,70,2
34833,70,2
34843,70,2
34853,70,2
34863,70,2
34873,70,2
34883,70,2
34894,70,2
34904,70,2
34914,70,2
34924,70,2
34934,70,2
34944,70,2
34954,70,2
34965,70,2
34975,70,2
34985,70,2
34995,70,2
35005,70,2
35015,70,2
35025,70,2
35036,70,2
35046,70,2
35056,70,2
35066,70,2
35076,70,2
35086,70,2
35096,70,2
35107,70,2
35117,70,2
35127,70,2
35137,70,2
35147,70,2
35157,70,2
35167,70,2
35178,70,2
35188,70,2
35198,70,2
35208,70,2
35218,70,2
35228,70,2
35238,70,2
35248,70,2
35259,70,2
35269,70,2
35279,70,2
35289,70,2
35299,70,2
35309,70,2
35320,70,2
35330,70,2
35341,70,2
35351,70,2
35363,70,2
35374,70,2
35384,70,2
35394,70,2
35404,70,2
35415,70,2
35425,70,2
35435,70,2
35446,70,2
35456,70,2
35466,70,2
35476,70,2
35486,70,2
35496,70,2
35506,70,2
35517,70,2
35527,70,2
35537,70,2
35547,70,2
35557,70,2
35567,70,2
35577,70,2
35588,70,2
35598,70,2
35608,70,2
35618,70,2
35629,70,2
35639,70,2
35649,70,2
35659,70,2
35669,70,2
35679,70,2
35689,70,2
35700,70,2
35710,70,2
35720,70,2
35730,70,2
35740,70,2
35750,70,2
35760,70,2
35770,70,2
35781,70,2
35791,70,2
35801,70,2
35811,70,2
35821,70,2
35831,70,2
35841,70,2
35851,70,2
35862,70,2
35872,70,2
35882,70,2
35892,70,2
35902,70,2
35912,70,2
35922,70,2
35933,70,2
35943,70,2
35953,70,2
35963,70,2
35973,70,2
35983,70,2
35993,70,2
36003,70,2
36014,70,2
36024,70,2
36034,70,2
36044,70,2
36054,70,2
36064,70,2
36074,70,2
36085,70,2
36095,70,2
36105,70,2
36115,70,2
36125,70,2
36135,70,2
36145,70,2
36155,70,2
36166,70,2
36176,70,2
36186,70,2
36196,70,2
36206,70,2
36216,70,2
36226,70,2
36236,70,2
36247,70,2
36257,70,2
36267,70,2
36277,70,2
36287,70,2
36297,70,2
36307,70,2
36318,70,2
36328,70,2
36338,70,2
36348,70,2
36359,70,2
36369,70,2
36380,70,2
36390,70,2
36400,70,2
36411,70,2
36421,70,2
36431,70,2
36441,70,2
36451,70,2
36462,70,2
36472,70,2
36482,70,2
36492,70,2
36502,70,2
36512,70,2
36523,70,2
36533,70,2
36544,70,2
36554,70,2
36564,70,2
36574,70,2
36584,70,2
36594,70,2
36605,70,2
36615,70,2
36625,70,2
36635,70,2
36645,70,2
36656,70,2
36666,70,2
36676,70,2
36686,70,2
36697,70,2
36708,70,2
36718,70,2
36729,70,2
36745,70,2
36756,70,2
36766,70,2
36776,70,2
36786,70,2
36796,70,2
36806,70,2
36817,70,2
36827,70,2
36837,70,2
36847,70,2
36859,70,2
36869,70,2
36879,70,2
36889,70,2
36900,70,2
36910,70,2
36920,70,2
36930,70,2
36940,70,2
36950,70,2
36961,70,2
36971,70,2
36981,70,2
36991,70,2
37001,70,2
37011,70,2
37022,70,2
37032,70,2
37042,70,2
37052,70,2
37062,70,2
37072,70,2
37082,70,2
37093,70,2
37103,70,2
37113,70,2
37123,70,2
37133,70,2
37143,70,2
37154,70,2
37164,70,2
37174,70,2
37184,70,2
37194,70,2
37204,70,2
37215,70,2
37225,70,2
37235,70,2
37245,70,2
37255,70,2
37265,70,2
37276,70,2
37286,70,2
37296,70,2
37306,70,2
37316,70,2
37326,70,2
37337,70,2
37347,70,2
37357,70,2
37367,70,2
37377,70,2
37387,70,2
37397,70,2
37408,70,2
37418,70,2
37428,70,2
37438,70,2
37448,70,2
37460,70,2
37470,70,2
37481,70,2
37491,70,2
37501,70,2
37511,70,2
37521,70,2
37531,70,2
37542,70,2
37552,70,2
37562,70,2
37572,70,2
37582,70,2
37592,70,2
37602,70,2
37613,70,2
37623,70,2
37633,70,2
37643,70,2
37653,70,2
37663,70,2
37674,70,2
37684,70,2
37694,70,2
37704,70,2
37714,70,2
37724,70,2
37735,70,2
37745,70,2
37755,70,2
37765,70,2
37775,70,2
37785,70,2
37796,70,2
37806,70,2
37816,70,2
37826,70,2
37836,70,2
37846,70,2
37857,70,2
37867,70,2
37877,70,2
37887,70,2
37897,70,2
37908,70,2
37918,70,2
37928,70,2
37938,70,2
37948,70,2
37958,70,2
37968,70,2
37979,70,2
37989,70,2
37999,70,2
38009,70,2
38019,70,2
38030,70,2
38040,70,2
38050,70,2
38060,70,2
38070,70,2
38080,70,2
38091,70,2
38101,70,2
38111,70,2
38121,70,2
38131,70,2
38141,70,2
38151,70,2
38162,70,2
38172,70,2
38182,70,2
38192,70,2
38202,70,2
38212,70,2
38222,70,2
38233,70,2
38243,70,2
38253,70,2
38263,70,2
38273,70,2
38283,70,2
38293,70,2
38303,70,2
38314,70,2
38324,70,2
38334,70,2
38344,70,2
38354,70,2
38364,70,2
38374,70,2
38385,70,2
38395,70,2
38405,70,2
38415,70,2
38425,70,2
38435,70,2
38445,70,2
38455,70,2
38466,70,2
38476,70,2
38486,70,2
38496,70,2
38506,70,2
38516,70,2
38526,70,2
38536,70,2
38547,70,2
38557,70,2
38567,70,2
38577,70,2
38587,70,2
38597,70,2
38607,70,2
38617,70,2
38628,70,2
38638,70,2
38648,70,2
38658,70,2
38668,70,2
38678,70,2
38688,70,2
38698,70,2
38709,70,2
38719,70,2
38729,70,2
38739,70,2
38751,70,2
38761,70,2
38771,70,2
38781,70,2
38792,70,2
38802,70,2
38812,70,2
38822,70,2
38832,70,2
38842,70,2
38853,70,2
38863,70,2
38873,70,2
38883,70,2
38893,70,2
38903,70,2
38913,70,2
38924,70,2
38934,70,2
38944,70,2
38954,70,2
38964,70,2
38974,70,2
38984,70,2
38995,70,2
39005,70,2
39015,70,2
39026,70,2
39036,70,2
39047,70,2
39057,70,2
39067,70,2
39077,70,2
39088,70,2
39098,70,2
39108,70,2
39118,70,2
39128,70,2
39138,70,2
39148,70,2
39159,70,2
39169,70,2
39179,70,2
39189,70,2
39199,70,2
39209,70,2
39219,70,2
39230,70,2
39240,70,2
39250,70,2
39260,70,2
39270,70,2
39280,70,2
39290,70,2
39301,70,2
39311,70,2
39321,70,2
39331,70,2
39341,70,2
39351,70,2
39361,70,2
39371,70,2
39382,70,2
39392,70,2
39402,70,2
39412,70,2
39422,70,2
39432,70,2
39442,70,2
39453,70,2
39463,70,2
39473,70,2
39484,70,2
39494,70,2
39504,70,2
39514,70,2
39524,70,2
39534,70,2
39544,70,2
39555,70,2
39565,70,2
39575,70,2
39585,70,2
39595,70,2
39606,70,2
39616,70,2
39626,70,2
39636,70,2
39646,70,2
39656,70,2
39666,70,2
39677,70,2
39687,70,2
39697,70,2
39707,70,2
39717,70,2
39727,70,2
39737,70,2
39747,70,2
39758,70,2
39768,70,2
39778,70,2
39788,70,2
39798,70,2
39808,70,2
39818,70,2
39829,70,2
39839,70,2
39849,70,2
39859,70,2
39869,70,2
39879,70,2
39889,70,2
39899,70,2
39910,70,2
39920,70,2
39930,70,2
39940,70,2
39950,70,2
39960,70,2
39970,70,2
39980,70,2
39991,70,2
40001,70,2
40011,70,2
40021,70,2
40031,70,2
40041,70,2
40051,70,2
40061,70,2
40072,70,2
40082,70,2
40092,70,2
40102,70,2
40112,70,2
40122,70,2
40132,70,2
40142,70,2
40153,70,2
40163,70,2
40173,70,2
40183,70,2
40193,70,2
40203,70,2
40213,70,2
40224,70,2
40234,70,2
40244,70,2
40254,70,2
40264,70,2
40274,70,2
40284,70,2
40294,70,2
40305,70,2
40315,70,2
40325,70,2
40335,70,2
40345,70,2
40355,70,2
40365,70,2
40376,70,2
40386,70,2
40396,70,2
40406,70,2
40416,70,2
40426,70,2
40436,70,2
40446,70,2
40457,70,2
40467,70,2
40477,70,2
40487,70,2
40497,70,2
40507,70,2
40517,70,2
40527,70,2
40538,70,2
40548,70,2
40558,70,2
40568,70,2
40578,70,2
40588,70,2
40598,70,2
40609,70,2
40619,70,2
40629,70,2
40639,70,2
40649,70,2
40659,70,2
40669,70,2
40679,70,2
40690,70,2
40700,70,2
40710,70,2
40720,70,2
40730,70,2
40740,70,2
40750,70,2
40760,70,2
40771,70,2
40781,70,2
40791,70,2
40801,70,2
40814,70,2
40824,70,2
40834,70,2
40844,70,2
40855,70,2
40865,70,2
40875,70,2
40885,70,2
40895,70,2
40905,70,2
40915,70,2
40925,70,2
40936,70,2
40946,70,2
40956,70,2
40966,70,2
40976,70,2
40986,70,2
40996,70,2
41006,70,2
41017,70,2
41027,70,2
41037,70,2
41047,70,2
41057,70,2
41067,70,2
41077,70,2
41087,70,2
41098,70,2
41108,70,2
41118,70,2
41128,70,2
41138,70,2
41148,70,2
41158,70,2
41169,70,2
41179,70,2
41189,70,2
41199,70,2
41209,70,2
41219,70,2
41229,70,2
41240,70,2
41250,70,2
41260,70,2
41270,70,2
41280,70,2
41290,70,2
41300,70,2
41310,70,2
41321,70,2
41331,70,2
41341,70,2
41351,70,2
41361,70,2
41372,70,2
41382,70,2
41392,70,2
41402,70,2
41412,70,2
41423,70,2
41433,70,2
41443,70,2
41453,70,2
41463,70,2
41473,70,2
41483,70,2
41494,70,2
41504,70,2
41514,70,2
41524,70,2
41534,70,2
41544,70,2
41554,70,2
41565,70,2
41575,70,2
41585,70,2
41595,70,2
41605,70,2
41615,70,2
41625,70,2
41635,70,2
41646,70,2
41656,70,2
41666,70,2
41676,70,2
41686,70,2
41696,70,2
41706,70,2
41716,70,2
41727,70,2
41737,70,2
41747,70,2
41757,70,2
41767,70,2
41777,70,2
41787,70,2
41797,70,2
41808,70,2
41819,70,2
41829,70,2
41839,70,2
41849,70,2
41859,70,2
41869,70,2
41880,70,2
41890,70,2
41900,70,2
41910,70,2
41920,70,2
41930,70,2
41940,70,2
41950,70,2
41961,70,2
41971,70,2
41981,70,2
41991,70,2
42001,70,2
42011,70,2
42021,70,2
42032,70,2
42042,70,2
42052,70,2
42063,70,2
42073,70,2
42083,35,1
42093,35,1
42104,35,1
42114,35,1
42124,35,1
42134,0,0
